user_id, first_name, last_name, birthts, img_path
1,Susan, Lee,612302400000,http://127.0.0.1:9000/src-data-image/1000.png?X-Amz-Algorithm=AWS4-HMAC-SHA256&X-Amz-Credential=admin%2F20220807%2Fus-east-1%2Fs3%2Faws4_request&X-Amz-Date=20220807T212707Z&X-Amz-Expires=604800&X-Amz-SignedHeaders=host&X-Amz-Signature=816b1b92e074931dca96680c6b44552011b89e5fb5c73281547db01663919ba2
2,Rosa, Garcia,670626000000,http://127.0.0.1:9000/src-data-image/1001.png?X-Amz-Algorithm=AWS4-HMAC-SHA256&X-Amz-Credential=admin%2F20220807%2Fus-east-1%2Fs3%2Faws4_request&X-Amz-Date=20220807T212707Z&X-Amz-Expires=604800&X-Amz-SignedHeaders=host&X-Amz-Signature=ac95a008b82c399328d27426b2d1c0a22484616cb61c10bd60320caa440cc9c1
3,Nathan, Emery,697237200000,http://127.0.0.1:9000/src-data-image/1002.png?X-Amz-Algorithm=AWS4-HMAC-SHA256&X-Amz-Credential=admin%2F20220807%2Fus-east-1%2Fs3%2Faws4_request&X-Amz-Date=20220807T212707Z&X-Amz-Expires=604800&X-Amz-SignedHeaders=host&X-Amz-Signature=d8fbb7a2547136823970f69db807015988a932440225a7d1f74fffa57e4e84a1
4,Vernon, Evans,633733200000,http://127.0.0.1:9000/src-data-image/1003.png?X-Amz-Algorithm=AWS4-HMAC-SHA256&X-Amz-Credential=admin%2F20220807%2Fus-east-1%2Fs3%2Faws4_request&X-Amz-Date=20220807T212707Z&X-Amz-Expires=604800&X-Amz-SignedHeaders=host&X-Amz-Signature=f32e1367c3ff3976c36a24523551a109f6b15d57e2a29ccee6e5ecd25042088d
5,Maria, Crooks,1051214400000,http://127.0.0.1:9000/src-data-image/1004.png?X-Amz-Algorithm=AWS4-HMAC-SHA256&X-Amz-Credential=admin%2F20220807%2Fus-east-1%2Fs3%2Faws4_request&X-Amz-Date=20220807T212707Z&X-Amz-Expires=604800&X-Amz-SignedHeaders=host&X-Amz-Signature=68a4e449841db03aa555ce7f1084c3dbf370ea6e9da22ff3166715453f025ce5
6,Sharon, Lang,700606800000,http://127.0.0.1:9000/src-data-image/1005.png?X-Amz-Algorithm=AWS4-HMAC-SHA256&X-Amz-Credential=admin%2F20220807%2Fus-east-1%2Fs3%2Faws4_request&X-Amz-Date=20220807T212707Z&X-Amz-Expires=604800&X-Amz-SignedHeaders=host&X-Amz-Signature=8d36ea7ba299e8b70b547f04a29a14c19ef984f1288214d1b4ead23da52ff529
7,Rick, Mayfield,412549200000,http://127.0.0.1:9000/src-data-image/1006.png?X-Amz-Algorithm=AWS4-HMAC-SHA256&X-Amz-Credential=admin%2F20220807%2Fus-east-1%2Fs3%2Faws4_request&X-Amz-Date=20220807T212707Z&X-Amz-Expires=604800&X-Amz-SignedHeaders=host&X-Amz-Signature=b876af83620408dd690efe8f1a6566225f47d3dfb433ba67dfcff4bcac0cb486
8,Eddie, Baumbach,874526400000,http://127.0.0.1:9000/src-data-image/1007.png?X-Amz-Algorithm=AWS4-HMAC-SHA256&X-Amz-Credential=admin%2F20220807%2Fus-east-1%2Fs3%2Faws4_request&X-Amz-Date=20220807T212707Z&X-Amz-Expires=604800&X-Amz-SignedHeaders=host&X-Amz-Signature=1402cc6ec53b6d41e1d714973c77a6526bf7414bde2bf8b8cbd16ff5c83b4910
9,Coletta, Haring,768081600000,http://127.0.0.1:9000/src-data-image/1008.png?X-Amz-Algorithm=AWS4-HMAC-SHA256&X-Amz-Credential=admin%2F20220807%2Fus-east-1%2Fs3%2Faws4_request&X-Amz-Date=20220807T212707Z&X-Amz-Expires=604800&X-Amz-SignedHeaders=host&X-Amz-Signature=518a210517030e949365b6e7d42f08ebd51fbaa61d4da46239d9cb66429533d2
10,Margaret, Smith,388612800000,http://127.0.0.1:9000/src-data-image/1009.png?X-Amz-Algorithm=AWS4-HMAC-SHA256&X-Amz-Credential=admin%2F20220807%2Fus-east-1%2Fs3%2Faws4_request&X-Amz-Date=20220807T212707Z&X-Amz-Expires=604800&X-Amz-SignedHeaders=host&X-Amz-Signature=f0bdf678b7438ffa235dd42e8f6a5a8e0bc076f5e21f5f67b6619353b04d3f19
11,James, Martin,879627600000,http://127.0.0.1:9000/src-data-image/1010.png?X-Amz-Algorithm=AWS4-HMAC-SHA256&X-Amz-Credential=admin%2F20220807%2Fus-east-1%2Fs3%2Faws4_request&X-Amz-Date=20220807T212707Z&X-Amz-Expires=604800&X-Amz-SignedHeaders=host&X-Amz-Signature=afae6a00acca25405b976cc9e81cd8574d9fb2ef3a5c2991906b606bb4311f6e
12,Glen, Martin,636066000000,http://127.0.0.1:9000/src-data-image/1011.png?X-Amz-Algorithm=AWS4-HMAC-SHA256&X-Amz-Credential=admin%2F20220807%2Fus-east-1%2Fs3%2Faws4_request&X-Amz-Date=20220807T212707Z&X-Amz-Expires=604800&X-Amz-SignedHeaders=host&X-Amz-Signature=4eafb58e01863ef8de7ff3c516a3e24982f1c57800221744b6cd236d0a683603
13,Debbie, Mooney,423086400000,http://127.0.0.1:9000/src-data-image/1012.png?X-Amz-Algorithm=AWS4-HMAC-SHA256&X-Amz-Credential=admin%2F20220807%2Fus-east-1%2Fs3%2Faws4_request&X-Amz-Date=20220807T212707Z&X-Amz-Expires=604800&X-Amz-SignedHeaders=host&X-Amz-Signature=ab4accfa4d72b41d818ad493f35b2b9acb36cba2a13e47f027a8e1659ba8fa56
14,Shaneka, Cook,752533200000,http://127.0.0.1:9000/src-data-image/1013.png?X-Amz-Algorithm=AWS4-HMAC-SHA256&X-Amz-Credential=admin%2F20220807%2Fus-east-1%2Fs3%2Faws4_request&X-Amz-Date=20220807T212707Z&X-Amz-Expires=604800&X-Amz-SignedHeaders=host&X-Amz-Signature=bc46fcccc53a9df0e8fe6396a91a0ef999b5b2c034fe8e0065b72e2cf32f6ac7
15,Kim, Moore,403218000000,http://127.0.0.1:9000/src-data-image/1014.png?X-Amz-Algorithm=AWS4-HMAC-SHA256&X-Amz-Credential=admin%2F20220807%2Fus-east-1%2Fs3%2Faws4_request&X-Amz-Date=20220807T212707Z&X-Amz-Expires=604800&X-Amz-SignedHeaders=host&X-Amz-Signature=464e1237a4ab63f3f4359f8d9de31c61c6e051d2882c490c45d2ab2863a40fcf
16,Lorraine, Bingham,891288000000,http://127.0.0.1:9000/src-data-image/1015.png?X-Amz-Algorithm=AWS4-HMAC-SHA256&X-Amz-Credential=admin%2F20220807%2Fus-east-1%2Fs3%2Faws4_request&X-Amz-Date=20220807T212707Z&X-Amz-Expires=604800&X-Amz-SignedHeaders=host&X-Amz-Signature=049de0d4d5473b37c8f5bfef847e9401f708d1137e735bc4cf77c15c197b483b
17,Betty, Partin,467240400000,http://127.0.0.1:9000/src-data-image/1016.png?X-Amz-Algorithm=AWS4-HMAC-SHA256&X-Amz-Credential=admin%2F20220807%2Fus-east-1%2Fs3%2Faws4_request&X-Amz-Date=20220807T212707Z&X-Amz-Expires=604800&X-Amz-SignedHeaders=host&X-Amz-Signature=6115e68f02806aea493aab7801d2b3f2ef9e52d37594325ac1650ee52f02edb4
18,Lewis, Erickson,642283200000,http://127.0.0.1:9000/src-data-image/1017.png?X-Amz-Algorithm=AWS4-HMAC-SHA256&X-Amz-Credential=admin%2F20220807%2Fus-east-1%2Fs3%2Faws4_request&X-Amz-Date=20220807T212707Z&X-Amz-Expires=604800&X-Amz-SignedHeaders=host&X-Amz-Signature=ed147626e77a15b34aea0468ce8fc0a96890ac19b9e49ae5dd83effa528f1558
19,Jenee, Crouse,429566400000,http://127.0.0.1:9000/src-data-image/1018.png?X-Amz-Algorithm=AWS4-HMAC-SHA256&X-Amz-Credential=admin%2F20220807%2Fus-east-1%2Fs3%2Faws4_request&X-Amz-Date=20220807T212707Z&X-Amz-Expires=604800&X-Amz-SignedHeaders=host&X-Amz-Signature=4ff78afaf1d96b306356fcb83f5b9092af4fea4bdd4dffec9a76a3420b7c1233
20,Wendy, Jarrette,650145600000,http://127.0.0.1:9000/src-data-image/1019.png?X-Amz-Algorithm=AWS4-HMAC-SHA256&X-Amz-Credential=admin%2F20220807%2Fus-east-1%2Fs3%2Faws4_request&X-Amz-Date=20220807T212707Z&X-Amz-Expires=604800&X-Amz-SignedHeaders=host&X-Amz-Signature=0a4a4a7c82f9837f31244f5767e469786045f44a5a4dc866674a5983c32056f5
21,Becky, Hanner,883429200000,http://127.0.0.1:9000/src-data-image/1020.png?X-Amz-Algorithm=AWS4-HMAC-SHA256&X-Amz-Credential=admin%2F20220807%2Fus-east-1%2Fs3%2Faws4_request&X-Amz-Date=20220807T212707Z&X-Amz-Expires=604800&X-Amz-SignedHeaders=host&X-Amz-Signature=0cdab2267d1ad59e7648124c57b2e99319c5152ad3b10279929a60b38420e997
22,Ray, Nunes,352501200000,http://127.0.0.1:9000/src-data-image/1021.png?X-Amz-Algorithm=AWS4-HMAC-SHA256&X-Amz-Credential=admin%2F20220807%2Fus-east-1%2Fs3%2Faws4_request&X-Amz-Date=20220807T212707Z&X-Amz-Expires=604800&X-Amz-SignedHeaders=host&X-Amz-Signature=b2b6798a52fe099bc4cb150e6d01590ab5132ebb8cb5822ba561b35264bd4757
23,John, Rose,919630800000,http://127.0.0.1:9000/src-data-image/1022.png?X-Amz-Algorithm=AWS4-HMAC-SHA256&X-Amz-Credential=admin%2F20220807%2Fus-east-1%2Fs3%2Faws4_request&X-Amz-Date=20220807T212707Z&X-Amz-Expires=604800&X-Amz-SignedHeaders=host&X-Amz-Signature=6eac9fe9153548bc9249b3d70a5d5b322920b5e5106a230c3533cc457f713c0c
24,Michael, Diaz,630277200000,http://127.0.0.1:9000/src-data-image/1023.png?X-Amz-Algorithm=AWS4-HMAC-SHA256&X-Amz-Credential=admin%2F20220807%2Fus-east-1%2Fs3%2Faws4_request&X-Amz-Date=20220807T212707Z&X-Amz-Expires=604800&X-Amz-SignedHeaders=host&X-Amz-Signature=868475aa73052552e39971dead1a5784803e2f74c2a777eabd7308bdde669ee4
25,William, Quick,340059600000,http://127.0.0.1:9000/src-data-image/1024.png?X-Amz-Algorithm=AWS4-HMAC-SHA256&X-Amz-Credential=admin%2F20220807%2Fus-east-1%2Fs3%2Faws4_request&X-Amz-Date=20220807T212707Z&X-Amz-Expires=604800&X-Amz-SignedHeaders=host&X-Amz-Signature=f431f516b20b260d09df7ad40966dd1d38363831cb857d88f4ef0fcb27cf5de3
26,Dino, Miller,1074805200000,http://127.0.0.1:9000/src-data-image/1025.png?X-Amz-Algorithm=AWS4-HMAC-SHA256&X-Amz-Credential=admin%2F20220807%2Fus-east-1%2Fs3%2Faws4_request&X-Amz-Date=20220807T212707Z&X-Amz-Expires=604800&X-Amz-SignedHeaders=host&X-Amz-Signature=55f8088f6382ce67ab5d0f8b3080e4e161b6d6778b4424292181783645fb30c5
27,James, Henry,954705600000,http://127.0.0.1:9000/src-data-image/1026.png?X-Amz-Algorithm=AWS4-HMAC-SHA256&X-Amz-Credential=admin%2F20220807%2Fus-east-1%2Fs3%2Faws4_request&X-Amz-Date=20220807T212707Z&X-Amz-Expires=604800&X-Amz-SignedHeaders=host&X-Amz-Signature=fc38922c1daea7f5c531d3c01fdc44dd6227225f3e5fcb773123cb89e441398c
28,Gregory, Pittman,398894400000,http://127.0.0.1:9000/src-data-image/1027.png?X-Amz-Algorithm=AWS4-HMAC-SHA256&X-Amz-Credential=admin%2F20220807%2Fus-east-1%2Fs3%2Faws4_request&X-Amz-Date=20220807T212707Z&X-Amz-Expires=604800&X-Amz-SignedHeaders=host&X-Amz-Signature=07a375d61383770db7aa6e07807d5bf7b19d300c1810c1e67df6d0f0ecd98125
29,Martha, Burwell,503269200000,http://127.0.0.1:9000/src-data-image/1028.png?X-Amz-Algorithm=AWS4-HMAC-SHA256&X-Amz-Credential=admin%2F20220807%2Fus-east-1%2Fs3%2Faws4_request&X-Amz-Date=20220807T212707Z&X-Amz-Expires=604800&X-Amz-SignedHeaders=host&X-Amz-Signature=2555b242dd30c2e0734b87819d29af65329cd1b54f40385f9e7436df6f466837
30,Jimmy, Deane,947365200000,http://127.0.0.1:9000/src-data-image/1029.png?X-Amz-Algorithm=AWS4-HMAC-SHA256&X-Amz-Credential=admin%2F20220807%2Fus-east-1%2Fs3%2Faws4_request&X-Amz-Date=20220807T212707Z&X-Amz-Expires=604800&X-Amz-SignedHeaders=host&X-Amz-Signature=4b1ac8adb7384d5d247afd526cf702edc757e0dde56470e7d1428d5e423240dc
31,Kathleen, Gittens,921272400000,http://127.0.0.1:9000/src-data-image/1030.png?X-Amz-Algorithm=AWS4-HMAC-SHA256&X-Amz-Credential=admin%2F20220807%2Fus-east-1%2Fs3%2Faws4_request&X-Amz-Date=20220807T212707Z&X-Amz-Expires=604800&X-Amz-SignedHeaders=host&X-Amz-Signature=e39097dcfa43536614268f803c772a3a733f0468a9d76e86c05c79e7444e3a9b
32,Sidney, Woods,865972800000,http://127.0.0.1:9000/src-data-image/1031.png?X-Amz-Algorithm=AWS4-HMAC-SHA256&X-Amz-Credential=admin%2F20220807%2Fus-east-1%2Fs3%2Faws4_request&X-Amz-Date=20220807T212707Z&X-Amz-Expires=604800&X-Amz-SignedHeaders=host&X-Amz-Signature=1abb7ca34f536dba2b4627409db6b3ee4a097b93991979a47b303e6149c2b166
33,Robert, David,666997200000,http://127.0.0.1:9000/src-data-image/1032.png?X-Amz-Algorithm=AWS4-HMAC-SHA256&X-Amz-Credential=admin%2F20220807%2Fus-east-1%2Fs3%2Faws4_request&X-Amz-Date=20220807T212707Z&X-Amz-Expires=604800&X-Amz-SignedHeaders=host&X-Amz-Signature=ee3aeb540f4786cf098016d38e148f3980e5d1549d2f0266c53e2d1b0fa6fadf
34,Jeanne, Shoup,1018468800000,http://127.0.0.1:9000/src-data-image/1033.png?X-Amz-Algorithm=AWS4-HMAC-SHA256&X-Amz-Credential=admin%2F20220807%2Fus-east-1%2Fs3%2Faws4_request&X-Amz-Date=20220807T212707Z&X-Amz-Expires=604800&X-Amz-SignedHeaders=host&X-Amz-Signature=2f8053d67a3f9ab2b1be9142e10762c5d4abdd3456b24d977560a8c708ccb8a5
35,Brenda, Croyle,788302800000,http://127.0.0.1:9000/src-data-image/1034.png?X-Amz-Algorithm=AWS4-HMAC-SHA256&X-Amz-Credential=admin%2F20220807%2Fus-east-1%2Fs3%2Faws4_request&X-Amz-Date=20220807T212707Z&X-Amz-Expires=604800&X-Amz-SignedHeaders=host&X-Amz-Signature=65ac776231a7b3728f3d4d0e0c90457c3aa43788426b2a8cac38479b847f2597
36,Adolph, Raymond,955915200000,http://127.0.0.1:9000/src-data-image/1035.png?X-Amz-Algorithm=AWS4-HMAC-SHA256&X-Amz-Credential=admin%2F20220807%2Fus-east-1%2Fs3%2Faws4_request&X-Amz-Date=20220807T212707Z&X-Amz-Expires=604800&X-Amz-SignedHeaders=host&X-Amz-Signature=3e28e880b60730eb7fca147599b5141a37891e6e4d24b573823334df8251dfdf
37,Ellen, Folkers,821394000000,http://127.0.0.1:9000/src-data-image/1036.png?X-Amz-Algorithm=AWS4-HMAC-SHA256&X-Amz-Credential=admin%2F20220807%2Fus-east-1%2Fs3%2Faws4_request&X-Amz-Date=20220807T212707Z&X-Amz-Expires=604800&X-Amz-SignedHeaders=host&X-Amz-Signature=5cbede9ad0ba07a4e38cd9196d286745be97b058d416ec21fa24340ecd39606f
38,Patrick, Newell,853794000000,http://127.0.0.1:9000/src-data-image/1037.png?X-Amz-Algorithm=AWS4-HMAC-SHA256&X-Amz-Credential=admin%2F20220807%2Fus-east-1%2Fs3%2Faws4_request&X-Amz-Date=20220807T212707Z&X-Amz-Expires=604800&X-Amz-SignedHeaders=host&X-Amz-Signature=2eb4e967caf95ff20341fdc59bca59bad7c60bd42f1f571a67372c9e6e8bbb0d
39,Mary, Roman,750891600000,http://127.0.0.1:9000/src-data-image/1038.png?X-Amz-Algorithm=AWS4-HMAC-SHA256&X-Amz-Credential=admin%2F20220807%2Fus-east-1%2Fs3%2Faws4_request&X-Amz-Date=20220807T212707Z&X-Amz-Expires=604800&X-Amz-SignedHeaders=host&X-Amz-Signature=2f28cde265e4cffb89cac0ec90da2f6cbf25da09cdec40bd46665acfa1f34a93
40,Danielle, Robinson,887230800000,http://127.0.0.1:9000/src-data-image/1039.png?X-Amz-Algorithm=AWS4-HMAC-SHA256&X-Amz-Credential=admin%2F20220807%2Fus-east-1%2Fs3%2Faws4_request&X-Amz-Date=20220807T212707Z&X-Amz-Expires=604800&X-Amz-SignedHeaders=host&X-Amz-Signature=69298edd7a6dae887c8ca587c07a830f446cda824c06dc5682df8e937a16b43a
41,Clara, Kimble,765403200000,http://127.0.0.1:9000/src-data-image/1040.png?X-Amz-Algorithm=AWS4-HMAC-SHA256&X-Amz-Credential=admin%2F20220807%2Fus-east-1%2Fs3%2Faws4_request&X-Amz-Date=20220807T212707Z&X-Amz-Expires=604800&X-Amz-SignedHeaders=host&X-Amz-Signature=da64e8b63cbb2237e5b829ca0866943cc00f5997154cdd0b827cfdfbe0153443
42,David, Bailey,1062446400000,http://127.0.0.1:9000/src-data-image/1041.png?X-Amz-Algorithm=AWS4-HMAC-SHA256&X-Amz-Credential=admin%2F20220807%2Fus-east-1%2Fs3%2Faws4_request&X-Amz-Date=20220807T212707Z&X-Amz-Expires=604800&X-Amz-SignedHeaders=host&X-Amz-Signature=b3b25c26d44afcd30eb54215ab4cd6be7fb351359d2a273f0f57b40e20b022bd
43,James, Nance,1063051200000,http://127.0.0.1:9000/src-data-image/1042.png?X-Amz-Algorithm=AWS4-HMAC-SHA256&X-Amz-Credential=admin%2F20220807%2Fus-east-1%2Fs3%2Faws4_request&X-Amz-Date=20220807T212707Z&X-Amz-Expires=604800&X-Amz-SignedHeaders=host&X-Amz-Signature=ef197c52bd6240aab77aa9418f102a0212c2a4cee682886c85e6eba934d568c2
44,John, Ramage,378507600000,http://127.0.0.1:9000/src-data-image/1043.png?X-Amz-Algorithm=AWS4-HMAC-SHA256&X-Amz-Credential=admin%2F20220807%2Fus-east-1%2Fs3%2Faws4_request&X-Amz-Date=20220807T212707Z&X-Amz-Expires=604800&X-Amz-SignedHeaders=host&X-Amz-Signature=f61ae64563feba402ed34901ab63bd24fb850259f3b37992137fe40431fe38be
45,Christopher, Hardin,785883600000,http://127.0.0.1:9000/src-data-image/1044.png?X-Amz-Algorithm=AWS4-HMAC-SHA256&X-Amz-Credential=admin%2F20220807%2Fus-east-1%2Fs3%2Faws4_request&X-Amz-Date=20220807T212707Z&X-Amz-Expires=604800&X-Amz-SignedHeaders=host&X-Amz-Signature=ba16e19e611c439714d69b9f001cdf4340a37586cd3e5de34039b1d58bc31ff0
46,Suzanne, Ferguson,812581200000,http://127.0.0.1:9000/src-data-image/1045.png?X-Amz-Algorithm=AWS4-HMAC-SHA256&X-Amz-Credential=admin%2F20220807%2Fus-east-1%2Fs3%2Faws4_request&X-Amz-Date=20220807T212708Z&X-Amz-Expires=604800&X-Amz-SignedHeaders=host&X-Amz-Signature=b4d70ece5b639842c09b98291b7eaad376e5c1476fe86e5a95a934a9c428e9ac
47,Margaret, Diaz,942872400000,http://127.0.0.1:9000/src-data-image/1046.png?X-Amz-Algorithm=AWS4-HMAC-SHA256&X-Amz-Credential=admin%2F20220807%2Fus-east-1%2Fs3%2Faws4_request&X-Amz-Date=20220807T212708Z&X-Amz-Expires=604800&X-Amz-SignedHeaders=host&X-Amz-Signature=48c501e685ed5b23d3b7e0d73ce0005b2659d05a98807456e17195e1b1ac1833
48,Kenneth, Osborn,793918800000,http://127.0.0.1:9000/src-data-image/1047.png?X-Amz-Algorithm=AWS4-HMAC-SHA256&X-Amz-Credential=admin%2F20220807%2Fus-east-1%2Fs3%2Faws4_request&X-Amz-Date=20220807T212708Z&X-Amz-Expires=604800&X-Amz-SignedHeaders=host&X-Amz-Signature=c30fc035167f9fe91bbbc01b76bf2282f62df5f631f9e0f6142f5035ba4dfb6b
49,Larry, Sanchez,1068930000000,http://127.0.0.1:9000/src-data-image/1048.png?X-Amz-Algorithm=AWS4-HMAC-SHA256&X-Amz-Credential=admin%2F20220807%2Fus-east-1%2Fs3%2Faws4_request&X-Amz-Date=20220807T212708Z&X-Amz-Expires=604800&X-Amz-SignedHeaders=host&X-Amz-Signature=d582d7513a62e3bdcf31b662cebd807e05c60a3f9b3c964b90b352a1b1e6c758
50,Brian, Brown,814050000000,http://127.0.0.1:9000/src-data-image/1049.png?X-Amz-Algorithm=AWS4-HMAC-SHA256&X-Amz-Credential=admin%2F20220807%2Fus-east-1%2Fs3%2Faws4_request&X-Amz-Date=20220807T212708Z&X-Amz-Expires=604800&X-Amz-SignedHeaders=host&X-Amz-Signature=b4947be7c891c3c03418f22fdf41646a11c9378dec58a4e163bdd0d0da85931f
51,Warren, Green,443048400000,http://127.0.0.1:9000/src-data-image/1050.png?X-Amz-Algorithm=AWS4-HMAC-SHA256&X-Amz-Credential=admin%2F20220807%2Fus-east-1%2Fs3%2Faws4_request&X-Amz-Date=20220807T212708Z&X-Amz-Expires=604800&X-Amz-SignedHeaders=host&X-Amz-Signature=5522319e1560203c450e3787f5bbe81f287e01829f0d6ca544308f35fdea2453
52,Janet, Chavarria,1087588800000,http://127.0.0.1:9000/src-data-image/1051.png?X-Amz-Algorithm=AWS4-HMAC-SHA256&X-Amz-Credential=admin%2F20220807%2Fus-east-1%2Fs3%2Faws4_request&X-Amz-Date=20220807T212708Z&X-Amz-Expires=604800&X-Amz-SignedHeaders=host&X-Amz-Signature=c9648b412777263b1a2eddb35f79c79e6a80a5fa1a82274d952218875d072276
53,Carolyn, Seymore,385851600000,http://127.0.0.1:9000/src-data-image/1052.png?X-Amz-Algorithm=AWS4-HMAC-SHA256&X-Amz-Credential=admin%2F20220807%2Fus-east-1%2Fs3%2Faws4_request&X-Amz-Date=20220807T212708Z&X-Amz-Expires=604800&X-Amz-SignedHeaders=host&X-Amz-Signature=92d44fc93f30866d879129f8030dd4cfbacceadcc0bb72fc59e2d4e46c50a138
54,Dorothy, Massey,356990400000,http://127.0.0.1:9000/src-data-image/1053.png?X-Amz-Algorithm=AWS4-HMAC-SHA256&X-Amz-Credential=admin%2F20220807%2Fus-east-1%2Fs3%2Faws4_request&X-Amz-Date=20220807T212708Z&X-Amz-Expires=604800&X-Amz-SignedHeaders=host&X-Amz-Signature=2c7d167a00fa12a10e2ca93c56826b1265e7599aba5f69bdfef585374decc338
55,Melissa, Denny,482011200000,http://127.0.0.1:9000/src-data-image/1054.png?X-Amz-Algorithm=AWS4-HMAC-SHA256&X-Amz-Credential=admin%2F20220807%2Fus-east-1%2Fs3%2Faws4_request&X-Amz-Date=20220807T212708Z&X-Amz-Expires=604800&X-Amz-SignedHeaders=host&X-Amz-Signature=437551a409d854370f786b5e182a7a3a63b0efde924913ba0fe160dbd38bcba4
56,Jaclyn, Adams,614635200000,http://127.0.0.1:9000/src-data-image/1055.png?X-Amz-Algorithm=AWS4-HMAC-SHA256&X-Amz-Credential=admin%2F20220807%2Fus-east-1%2Fs3%2Faws4_request&X-Amz-Date=20220807T212708Z&X-Amz-Expires=604800&X-Amz-SignedHeaders=host&X-Amz-Signature=dfd9bb662045d60f0b77cd14e66eb4cd576e54fc446bf56eb3800d691426f86c
57,Frances, Visher,906580800000,http://127.0.0.1:9000/src-data-image/1056.png?X-Amz-Algorithm=AWS4-HMAC-SHA256&X-Amz-Credential=admin%2F20220807%2Fus-east-1%2Fs3%2Faws4_request&X-Amz-Date=20220807T212708Z&X-Amz-Expires=604800&X-Amz-SignedHeaders=host&X-Amz-Signature=d1953c6aec12e2124f3215636e2813bbd59e973f9419799e3fed61591d7edfdd
58,Chad, Miller,971208000000,http://127.0.0.1:9000/src-data-image/1057.png?X-Amz-Algorithm=AWS4-HMAC-SHA256&X-Amz-Credential=admin%2F20220807%2Fus-east-1%2Fs3%2Faws4_request&X-Amz-Date=20220807T212708Z&X-Amz-Expires=604800&X-Amz-SignedHeaders=host&X-Amz-Signature=648ba76bc280550a6c80356237b4ca355e8d96816a9964a474e70d9344fe9bc4
59,Olivia, Stout,690674400000,http://127.0.0.1:9000/src-data-image/1058.png?X-Amz-Algorithm=AWS4-HMAC-SHA256&X-Amz-Credential=admin%2F20220807%2Fus-east-1%2Fs3%2Faws4_request&X-Amz-Date=20220807T212708Z&X-Amz-Expires=604800&X-Amz-SignedHeaders=host&X-Amz-Signature=c5c59a1250c285d912bd05b7d939c47addf5974f3aaae7bad4ac07427ff8c440
60,Wallace, Miller,821134800000,http://127.0.0.1:9000/src-data-image/1059.png?X-Amz-Algorithm=AWS4-HMAC-SHA256&X-Amz-Credential=admin%2F20220807%2Fus-east-1%2Fs3%2Faws4_request&X-Amz-Date=20220807T212708Z&X-Amz-Expires=604800&X-Amz-SignedHeaders=host&X-Amz-Signature=765068a08d82a8753b0f273eae5a933c0996ac6f6cd939f05da60178b1042cc0
61,Judith, Hatchett,925070400000,http://127.0.0.1:9000/src-data-image/1060.png?X-Amz-Algorithm=AWS4-HMAC-SHA256&X-Amz-Credential=admin%2F20220807%2Fus-east-1%2Fs3%2Faws4_request&X-Amz-Date=20220807T212708Z&X-Amz-Expires=604800&X-Amz-SignedHeaders=host&X-Amz-Signature=d9a79b76574b9afa13572ab72846f40774b30ff02ac402a60d33b3f1e243f3fd
62,Madelyn, Oliver,936907200000,http://127.0.0.1:9000/src-data-image/1061.png?X-Amz-Algorithm=AWS4-HMAC-SHA256&X-Amz-Credential=admin%2F20220807%2Fus-east-1%2Fs3%2Faws4_request&X-Amz-Date=20220807T212708Z&X-Amz-Expires=604800&X-Amz-SignedHeaders=host&X-Amz-Signature=77a57f55d8a70788cceaf07534614d348826c8dc28446927fa7d2565b7934c7c
63,Robert, Kirk,506552400000,http://127.0.0.1:9000/src-data-image/1062.png?X-Amz-Algorithm=AWS4-HMAC-SHA256&X-Amz-Credential=admin%2F20220807%2Fus-east-1%2Fs3%2Faws4_request&X-Amz-Date=20220807T212708Z&X-Amz-Expires=604800&X-Amz-SignedHeaders=host&X-Amz-Signature=7e6f5f34cdb140f3bfecbb25f0801a4260cf004368c9ad429cc056e37f3eef7f
64,Stephanie, Nelson,476571600000,http://127.0.0.1:9000/src-data-image/1063.png?X-Amz-Algorithm=AWS4-HMAC-SHA256&X-Amz-Credential=admin%2F20220807%2Fus-east-1%2Fs3%2Faws4_request&X-Amz-Date=20220807T212708Z&X-Amz-Expires=604800&X-Amz-SignedHeaders=host&X-Amz-Signature=d67c07240b24dfea7875041b6a94c3cefe5e26e8ff6fc3424a0e5cd65b8ec93b
65,Barbara, Blankenship,655506000000,http://127.0.0.1:9000/src-data-image/1064.png?X-Amz-Algorithm=AWS4-HMAC-SHA256&X-Amz-Credential=admin%2F20220807%2Fus-east-1%2Fs3%2Faws4_request&X-Amz-Date=20220807T212708Z&X-Amz-Expires=604800&X-Amz-SignedHeaders=host&X-Amz-Signature=749a83b1b18b57ac2c1af34a06fa49305b92e6cd722e925d76e5ab1d8e95065c
66,Matthew, Bloom,531176400000,http://127.0.0.1:9000/src-data-image/1065.png?X-Amz-Algorithm=AWS4-HMAC-SHA256&X-Amz-Credential=admin%2F20220807%2Fus-east-1%2Fs3%2Faws4_request&X-Amz-Date=20220807T212708Z&X-Amz-Expires=604800&X-Amz-SignedHeaders=host&X-Amz-Signature=d0c4fc2b470894f41fe67ebe5147bb9d8e23a244ccf5003678045770ba55d8e0
67,Jeffrey, Mcdonald,686091600000,http://127.0.0.1:9000/src-data-image/1066.png?X-Amz-Algorithm=AWS4-HMAC-SHA256&X-Amz-Credential=admin%2F20220807%2Fus-east-1%2Fs3%2Faws4_request&X-Amz-Date=20220807T212708Z&X-Amz-Expires=604800&X-Amz-SignedHeaders=host&X-Amz-Signature=5abf5141480c08570da06fa681dc69a71acf1ba02593bc739b6682e2ee5007b1
68,Joseph, Carter,1081713600000,http://127.0.0.1:9000/src-data-image/1067.png?X-Amz-Algorithm=AWS4-HMAC-SHA256&X-Amz-Credential=admin%2F20220807%2Fus-east-1%2Fs3%2Faws4_request&X-Amz-Date=20220807T212708Z&X-Amz-Expires=604800&X-Amz-SignedHeaders=host&X-Amz-Signature=283900250e1024baaf71a000b95265807ea6ebfca1c0cbace5d69c4d0230c108
69,Eloy, Florentino,848005200000,http://127.0.0.1:9000/src-data-image/1068.png?X-Amz-Algorithm=AWS4-HMAC-SHA256&X-Amz-Credential=admin%2F20220807%2Fus-east-1%2Fs3%2Faws4_request&X-Amz-Date=20220807T212708Z&X-Amz-Expires=604800&X-Amz-SignedHeaders=host&X-Amz-Signature=0a11210e0d0fa058a6aca24d8591dd5d0d91a3d745153bf9abd0a23c58336dc5
70,David, Myles,432676800000,http://127.0.0.1:9000/src-data-image/1069.png?X-Amz-Algorithm=AWS4-HMAC-SHA256&X-Amz-Credential=admin%2F20220807%2Fus-east-1%2Fs3%2Faws4_request&X-Amz-Date=20220807T212708Z&X-Amz-Expires=604800&X-Amz-SignedHeaders=host&X-Amz-Signature=0c7bf4a218a8ee4779b68c02617b588c4c504a3b73b22c00fbfb7394072e21b1
71,Elizabeth, Hoover,334702800000,http://127.0.0.1:9000/src-data-image/1070.png?X-Amz-Algorithm=AWS4-HMAC-SHA256&X-Amz-Credential=admin%2F20220807%2Fus-east-1%2Fs3%2Faws4_request&X-Amz-Date=20220807T212708Z&X-Amz-Expires=604800&X-Amz-SignedHeaders=host&X-Amz-Signature=1c4d0b81189550fff9953981a32568729e56664ea16e8d5288c4496fa822907b
72,Jerome, Weaver,1008795600000,http://127.0.0.1:9000/src-data-image/1071.png?X-Amz-Algorithm=AWS4-HMAC-SHA256&X-Amz-Credential=admin%2F20220807%2Fus-east-1%2Fs3%2Faws4_request&X-Amz-Date=20220807T212708Z&X-Amz-Expires=604800&X-Amz-SignedHeaders=host&X-Amz-Signature=86942150b0f83cb6381f035ca313a7e70771d5af3b4dbf5d8c5d8aa4e9c7e3f0
73,Morris, Hall,407019600000,http://127.0.0.1:9000/src-data-image/1072.png?X-Amz-Algorithm=AWS4-HMAC-SHA256&X-Amz-Credential=admin%2F20220807%2Fus-east-1%2Fs3%2Faws4_request&X-Amz-Date=20220807T212708Z&X-Amz-Expires=604800&X-Amz-SignedHeaders=host&X-Amz-Signature=0177a98707d884043b786e2ec4937b3cfbe795e5a3bb13c81faace80ac1c4c71
74,Myrtle, Ferro,840830400000,http://127.0.0.1:9000/src-data-image/1073.png?X-Amz-Algorithm=AWS4-HMAC-SHA256&X-Amz-Credential=admin%2F20220807%2Fus-east-1%2Fs3%2Faws4_request&X-Amz-Date=20220807T212708Z&X-Amz-Expires=604800&X-Amz-SignedHeaders=host&X-Amz-Signature=028e422fd135aa75e7c78026ec0bc8be6dd67a2076dc8f90e45aed4664d9e749
75,Gisela, Patterson,464990400000,http://127.0.0.1:9000/src-data-image/1074.png?X-Amz-Algorithm=AWS4-HMAC-SHA256&X-Amz-Credential=admin%2F20220807%2Fus-east-1%2Fs3%2Faws4_request&X-Amz-Date=20220807T212708Z&X-Amz-Expires=604800&X-Amz-SignedHeaders=host&X-Amz-Signature=507ddcfc9b086fb1d097b03c11e426452cf9c45bc891ec41ed4a2b0d4e35faa4
76,Stacey, Bishop,493848000000,http://127.0.0.1:9000/src-data-image/1075.png?X-Amz-Algorithm=AWS4-HMAC-SHA256&X-Amz-Credential=admin%2F20220807%2Fus-east-1%2Fs3%2Faws4_request&X-Amz-Date=20220807T212708Z&X-Amz-Expires=604800&X-Amz-SignedHeaders=host&X-Amz-Signature=d083cd6bb6ffef6d40cb020ae38d62afd869eab77372e038c623ec2f51758a42
77,Ray, Goins,933451200000,http://127.0.0.1:9000/src-data-image/1076.png?X-Amz-Algorithm=AWS4-HMAC-SHA256&X-Amz-Credential=admin%2F20220807%2Fus-east-1%2Fs3%2Faws4_request&X-Amz-Date=20220807T212708Z&X-Amz-Expires=604800&X-Amz-SignedHeaders=host&X-Amz-Signature=6ab394d5714b2bcae57b2135b85208c80f65a93693360b690b70606e47062ee3
78,Blake, Dickerson,508107600000,http://127.0.0.1:9000/src-data-image/1077.png?X-Amz-Algorithm=AWS4-HMAC-SHA256&X-Amz-Credential=admin%2F20220807%2Fus-east-1%2Fs3%2Faws4_request&X-Amz-Date=20220807T212708Z&X-Amz-Expires=604800&X-Amz-SignedHeaders=host&X-Amz-Signature=a5df66c86a6fe7e03117053a1234fcd1035302e826c3eb053cb12854a2596eba
79,David, May,601074000000,http://127.0.0.1:9000/src-data-image/1078.png?X-Amz-Algorithm=AWS4-HMAC-SHA256&X-Amz-Credential=admin%2F20220807%2Fus-east-1%2Fs3%2Faws4_request&X-Amz-Date=20220807T212708Z&X-Amz-Expires=604800&X-Amz-SignedHeaders=host&X-Amz-Signature=da48e05545304164f0bdf0e52de2ac0be12ae12d1602e9d36c342886e5102fe0
80,Cindy, Wilcox,1021060800000,http://127.0.0.1:9000/src-data-image/1079.png?X-Amz-Algorithm=AWS4-HMAC-SHA256&X-Amz-Credential=admin%2F20220807%2Fus-east-1%2Fs3%2Faws4_request&X-Amz-Date=20220807T212708Z&X-Amz-Expires=604800&X-Amz-SignedHeaders=host&X-Amz-Signature=3098cda44d52546e715cb342b37821d310cacb454d4d1560cccaa3f999ba0850
81,Mary, Nelson,518644800000,http://127.0.0.1:9000/src-data-image/1080.png?X-Amz-Algorithm=AWS4-HMAC-SHA256&X-Amz-Credential=admin%2F20220807%2Fus-east-1%2Fs3%2Faws4_request&X-Amz-Date=20220807T212708Z&X-Amz-Expires=604800&X-Amz-SignedHeaders=host&X-Amz-Signature=722e2288f6d21d80ab1e9dff8110d9075d4752b317cd438a95e1ec9f21abd153
82,Amy, Smith,785710800000,http://127.0.0.1:9000/src-data-image/1081.png?X-Amz-Algorithm=AWS4-HMAC-SHA256&X-Amz-Credential=admin%2F20220807%2Fus-east-1%2Fs3%2Faws4_request&X-Amz-Date=20220807T212708Z&X-Amz-Expires=604800&X-Amz-SignedHeaders=host&X-Amz-Signature=03f7693857630232486fdfdf75487595ec61afde21b015c46b7e17233b3f327c
83,Joseph, Denton,463089600000,http://127.0.0.1:9000/src-data-image/1082.png?X-Amz-Algorithm=AWS4-HMAC-SHA256&X-Amz-Credential=admin%2F20220807%2Fus-east-1%2Fs3%2Faws4_request&X-Amz-Date=20220807T212708Z&X-Amz-Expires=604800&X-Amz-SignedHeaders=host&X-Amz-Signature=3cee57984fcc5298df1ce335e1012ae9223b06622a828a99b25faec02b3a2e56
84,Keith, Wiggin,461707200000,http://127.0.0.1:9000/src-data-image/1083.png?X-Amz-Algorithm=AWS4-HMAC-SHA256&X-Amz-Credential=admin%2F20220807%2Fus-east-1%2Fs3%2Faws4_request&X-Amz-Date=20220807T212708Z&X-Amz-Expires=604800&X-Amz-SignedHeaders=host&X-Amz-Signature=84c7eac3086273f29f27de1d42a45b965f0b26338db2a8e7b13aa87d45bfe4e1
85,Jody, Hochmuth,752446800000,http://127.0.0.1:9000/src-data-image/1084.png?X-Amz-Algorithm=AWS4-HMAC-SHA256&X-Amz-Credential=admin%2F20220807%2Fus-east-1%2Fs3%2Faws4_request&X-Amz-Date=20220807T212708Z&X-Amz-Expires=604800&X-Amz-SignedHeaders=host&X-Amz-Signature=3357b6210528c766f8bb4c19b7b7ba4ba369232138cdbef323fbea00f93ca81e
86,Beverly, Livesey,739224000000,http://127.0.0.1:9000/src-data-image/1085.png?X-Amz-Algorithm=AWS4-HMAC-SHA256&X-Amz-Credential=admin%2F20220807%2Fus-east-1%2Fs3%2Faws4_request&X-Amz-Date=20220807T212708Z&X-Amz-Expires=604800&X-Amz-SignedHeaders=host&X-Amz-Signature=452b6a809b850a1c51fb2c105b39390c4a6c8c313282e72f3b48671c467845c5
87,Nicole, Pharr,884552400000,http://127.0.0.1:9000/src-data-image/1086.png?X-Amz-Algorithm=AWS4-HMAC-SHA256&X-Amz-Credential=admin%2F20220807%2Fus-east-1%2Fs3%2Faws4_request&X-Amz-Date=20220807T212708Z&X-Amz-Expires=604800&X-Amz-SignedHeaders=host&X-Amz-Signature=c54b10207000dc0e72d77dea62d263ab52377cd44b2bae7ecdb90cc688206f1e
88,Aaron, Fox,1090094400000,http://127.0.0.1:9000/src-data-image/1087.png?X-Amz-Algorithm=AWS4-HMAC-SHA256&X-Amz-Credential=admin%2F20220807%2Fus-east-1%2Fs3%2Faws4_request&X-Amz-Date=20220807T212708Z&X-Amz-Expires=604800&X-Amz-SignedHeaders=host&X-Amz-Signature=3cf87ed212382eb944a02e3e41c51580dc20781dcba056dda7f828c6b71c64c0
89,Rachel, Robinson,528148800000,http://127.0.0.1:9000/src-data-image/1088.png?X-Amz-Algorithm=AWS4-HMAC-SHA256&X-Amz-Credential=admin%2F20220807%2Fus-east-1%2Fs3%2Faws4_request&X-Amz-Date=20220807T212708Z&X-Amz-Expires=604800&X-Amz-SignedHeaders=host&X-Amz-Signature=77599d8c739f7839772a512b2b3de6f2e38015992d4f03634371dd14cbf8f652
90,Leah, Costales,1072472400000,http://127.0.0.1:9000/src-data-image/1089.png?X-Amz-Algorithm=AWS4-HMAC-SHA256&X-Amz-Credential=admin%2F20220807%2Fus-east-1%2Fs3%2Faws4_request&X-Amz-Date=20220807T212708Z&X-Amz-Expires=604800&X-Amz-SignedHeaders=host&X-Amz-Signature=40a420186236ca3fa45a07405c66e23d9cbe82f05d2cddf6757aec9597ff313c
91,Thomas, Williams,946501200000,http://127.0.0.1:9000/src-data-image/1090.png?X-Amz-Algorithm=AWS4-HMAC-SHA256&X-Amz-Credential=admin%2F20220807%2Fus-east-1%2Fs3%2Faws4_request&X-Amz-Date=20220807T212708Z&X-Amz-Expires=604800&X-Amz-SignedHeaders=host&X-Amz-Signature=45a455a4cc1e37760ac9cbaa0f537ad84528b15fd349c0affb4bcc8e9da10ccc
92,Opal, Morse,463780800000,http://127.0.0.1:9000/src-data-image/1091.png?X-Amz-Algorithm=AWS4-HMAC-SHA256&X-Amz-Credential=admin%2F20220807%2Fus-east-1%2Fs3%2Faws4_request&X-Amz-Date=20220807T212708Z&X-Amz-Expires=604800&X-Amz-SignedHeaders=host&X-Amz-Signature=d201db606bafe4b7012664149cfc5b9d9bb5c29674e40dc6641cca60c9126836
93,Alan, Mcgraw,469054800000,http://127.0.0.1:9000/src-data-image/1092.png?X-Amz-Algorithm=AWS4-HMAC-SHA256&X-Amz-Credential=admin%2F20220807%2Fus-east-1%2Fs3%2Faws4_request&X-Amz-Date=20220807T212708Z&X-Amz-Expires=604800&X-Amz-SignedHeaders=host&X-Amz-Signature=2ca38781d4a53f13db8f37905e60d3e199ad86857f648d49fb8ab7290c2affac
94,Aaron, Towe,877809600000,http://127.0.0.1:9000/src-data-image/1093.png?X-Amz-Algorithm=AWS4-HMAC-SHA256&X-Amz-Credential=admin%2F20220807%2Fus-east-1%2Fs3%2Faws4_request&X-Amz-Date=20220807T212708Z&X-Amz-Expires=604800&X-Amz-SignedHeaders=host&X-Amz-Signature=508c47db1c30154af1ae972c12a680daf676f525cb812f13db9a2d630f870015
95,Cecil, Struck,416437200000,http://127.0.0.1:9000/src-data-image/1094.png?X-Amz-Algorithm=AWS4-HMAC-SHA256&X-Amz-Credential=admin%2F20220807%2Fus-east-1%2Fs3%2Faws4_request&X-Amz-Date=20220807T212708Z&X-Amz-Expires=604800&X-Amz-SignedHeaders=host&X-Amz-Signature=061aff99ffc6a67cab5636eecbd39c7380beb9431a821d00102aed0df735c8f3
96,Corey, Davis,1054411200000,http://127.0.0.1:9000/src-data-image/1095.png?X-Amz-Algorithm=AWS4-HMAC-SHA256&X-Amz-Credential=admin%2F20220807%2Fus-east-1%2Fs3%2Faws4_request&X-Amz-Date=20220807T212708Z&X-Amz-Expires=604800&X-Amz-SignedHeaders=host&X-Amz-Signature=f0600b9b9593b567349d42bc553586afd3e83fd50c3a68903622e08ab6520965
97,James, Peacock,503442000000,http://127.0.0.1:9000/src-data-image/1096.png?X-Amz-Algorithm=AWS4-HMAC-SHA256&X-Amz-Credential=admin%2F20220807%2Fus-east-1%2Fs3%2Faws4_request&X-Amz-Date=20220807T212708Z&X-Amz-Expires=604800&X-Amz-SignedHeaders=host&X-Amz-Signature=ab8ff44ecc03e4b8cad215e0ce699b1fc46a22699982c272c6ca765613da8c6a
98,John, Bausch,1013029200000,http://127.0.0.1:9000/src-data-image/1097.png?X-Amz-Algorithm=AWS4-HMAC-SHA256&X-Amz-Credential=admin%2F20220807%2Fus-east-1%2Fs3%2Faws4_request&X-Amz-Date=20220807T212708Z&X-Amz-Expires=604800&X-Amz-SignedHeaders=host&X-Amz-Signature=968a183e802d34d208d75673eed0119137d42c113100cdbebcb7b277d1e0c945
99,Maria, Horton,702504000000,http://127.0.0.1:9000/src-data-image/1098.png?X-Amz-Algorithm=AWS4-HMAC-SHA256&X-Amz-Credential=admin%2F20220807%2Fus-east-1%2Fs3%2Faws4_request&X-Amz-Date=20220807T212708Z&X-Amz-Expires=604800&X-Amz-SignedHeaders=host&X-Amz-Signature=43c8b2a97115462a5bd929f26c8ce3dc8f569ae52ff6b0c18fc65bbc4667192e
100,Samuel, Ladner,815259600000,http://127.0.0.1:9000/src-data-image/1099.png?X-Amz-Algorithm=AWS4-HMAC-SHA256&X-Amz-Credential=admin%2F20220807%2Fus-east-1%2Fs3%2Faws4_request&X-Amz-Date=20220807T212708Z&X-Amz-Expires=604800&X-Amz-SignedHeaders=host&X-Amz-Signature=e22d92c5f0dd027d9c0c6a6cabada80fc8f0f9b5645c584f931ec500cdc814b7
